{"assets/fonts/Poppins-Bold.ttf":["assets/fonts/Poppins-Bold.ttf"],"assets/fonts/Poppins-ExtraBold.ttf":["assets/fonts/Poppins-ExtraBold.ttf"],"assets/fonts/Poppins-Medium.ttf":["assets/fonts/Poppins-Medium.ttf"],"assets/fonts/Poppins-MediumItalic.ttf":["assets/fonts/Poppins-MediumItalic.ttf"],"assets/fonts/Poppins-Regular.ttf":["assets/fonts/Poppins-Regular.ttf"],"assets/fonts/Poppins-SemiBold.ttf":["assets/fonts/Poppins-SemiBold.ttf"],"assets/icons/alert-failed.png":["assets/icons/alert-failed.png"],"assets/icons/alert-success.png":["assets/icons/alert-success.png"],"assets/icons/icon-change-pass.png":["assets/icons/icon-change-pass.png"],"assets/icons/icon-logout.png":["assets/icons/icon-logout.png"],"assets/icons/icon-not-asistment.png":["assets/icons/icon-not-asistment.png"],"assets/icons/icon-process.png":["assets/icons/icon-process.png"],"assets/icons/icon-setting.png":["assets/icons/icon-setting.png"],"assets/icons/icon-success2.png":["assets/icons/icon-success2.png"],"assets/icons/icon-wait.png":["assets/icons/icon-wait.png"],"assets/icons/icon-warning.png":["assets/icons/icon-warning.png"],"assets/icons/logout.png":["assets/icons/logout.png"],"assets/images/icon-hc.png":["assets/images/icon-hc.png"],"assets/images/illustration-assesment.svg":["assets/images/illustration-assesment.svg"],"assets/images/illustration-change-password.svg":["assets/images/illustration-change-password.svg"],"assets/images/illustration-forget-password.svg":["assets/images/illustration-forget-password.svg"],"assets/images/illustration-login.svg":["assets/images/illustration-login.svg"],"assets/images/logo/logo-hc-bg.png":["assets/images/logo/logo-hc-bg.png"],"assets/images/logo/logo-hc-white.png":["assets/images/logo/logo-hc-white.png"],"assets/images/logo/logo-hc.png":["assets/images/logo/logo-hc.png"],"assets/images/logo/logo-metamine.png":["assets/images/logo/logo-metamine.png"],"assets/images/rumus-kpi.png":["assets/images/rumus-kpi.png"],"assets/images/user.jpg":["assets/images/user.jpg"],"packages/cupertino_icons/assets/CupertinoIcons.ttf":["packages/cupertino_icons/assets/CupertinoIcons.ttf"]}