[{"family":"MaterialIcons","fonts":[{"asset":"fonts/MaterialIcons-Regular.otf"}]},{"family":"Poppins","fonts":[{"asset":"assets/fonts/Poppins-Regular.ttf"},{"asset":"assets/fonts/Poppins-Medium.ttf"},{"weight":500,"asset":"assets/fonts/Poppins-SemiBold.ttf"},{"style":"italic","asset":"assets/fonts/Poppins-MediumItalic.ttf"},{"weight":700,"asset":"assets/fonts/Poppins-Bold.ttf"},{"weight":900,"asset":"assets/fonts/Poppins-ExtraBold.ttf"}]},{"family":"packages/cupertino_icons/CupertinoIcons","fonts":[{"asset":"packages/cupertino_icons/assets/CupertinoIcons.ttf"}]}]